,City,Cloudiness,Country,Date,Humidity,Lat,Lng,Max Temp,Wind Speed
0,Butaritari,32.0,KI,1545598308.0,100.0,3.07,172.79,83.22,8.57
1,Sao Filipe,80.0,CV,1545598310.0,92.0,14.9,-24.5,75.93,7.63
2,Khatanga,88.0,RU,1545598310.0,69.0,71.98,102.47,-9.8,21.05
3,Severo-Kurilsk,68.0,RU,1545598310.0,100.0,50.68,156.12,24.58,6.85
4,Punta Arenas,75.0,CL,1545595200.0,58.0,-53.16,-70.91,59.0,23.04
5,Smithers,90.0,CA,1545595200.0,85.0,54.78,-127.17,24.8,4.7
6,Namatanai,64.0,PG,1545598036.0,100.0,-3.66,152.44,80.38,3.49
7,Bethel,90.0,US,1545596100.0,84.0,60.79,-161.76,8.96,4.7
8,Kaniama,8.0,CD,1545598312.0,94.0,-7.57,24.18,67.78,1.74
9,Saskylakh,56.0,RU,1545598312.0,65.0,71.97,114.09,-14.39,10.92
10,Mataura,0.0,NZ,1545598312.0,78.0,-46.19,168.86,60.0,4.09
11,College,0.0,US,1545595080.0,78.0,64.86,-147.8,-9.05,2.86
12,Nikolskoye,75.0,RU,1545597000.0,85.0,59.7,30.79,24.8,8.95
13,Saint-Augustin,90.0,FR,1545595200.0,93.0,44.83,-0.61,55.4,2.24
14,Narsaq,92.0,GL,1545598313.0,98.0,60.91,-46.05,30.25,8.79
15,Albany,90.0,US,1545594960.0,55.0,42.65,-73.75,33.98,8.05
16,Saint-Francois,90.0,FR,1545595200.0,82.0,46.42,3.91,55.4,6.93
17,Dikson,80.0,RU,1545598314.0,94.0,73.51,80.55,25.53,31.94
18,Rikitea,64.0,PF,1545598314.0,98.0,-23.12,-134.97,78.85,19.93
19,Bathsheba,20.0,BB,1545595200.0,61.0,13.22,-59.52,82.4,17.22
20,Hobart,0.0,AU,1545597000.0,55.0,-42.88,147.33,60.8,17.22
21,Tulsipur,0.0,IN,1545598315.0,86.0,27.53,82.41,47.58,5.32
22,Vaini,36.0,IN,1545598316.0,64.0,15.34,74.49,73.95,4.5
23,Hermanus,0.0,ZA,1545598316.0,98.0,-34.42,19.24,58.11,2.71
24,Port Elizabeth,1.0,US,1545594960.0,51.0,39.31,-74.98,48.38,10.29
25,Jamestown,0.0,AU,1545598316.0,49.0,-33.21,138.6,60.99,5.39
26,Vanimo,92.0,PG,1545598027.0,100.0,-2.67,141.3,76.65,6.85
27,Pangai,20.0,TO,1545595200.0,83.0,-19.8,-174.35,82.4,16.11
28,Deputatskiy,24.0,RU,1545598317.0,0.0,69.3,139.9,-43.6,3.71
29,Guebwiller,90.0,FR,1545595200.0,71.0,47.91,7.21,57.2,14.99
30,Kongoussi,0.0,BF,1545598317.0,30.0,13.32,-1.53,66.12,9.13
31,Port Alfred,20.0,ZA,1545598318.0,87.0,-33.59,26.89,73.05,5.06
32,Fort Nelson,75.0,CA,1545595200.0,75.0,58.81,-122.69,-13.01,2.24
33,Ust-Nera,20.0,RU,1545598318.0,76.0,64.57,143.24,-40.0,1.52
34,Busselton,20.0,AU,1545598319.0,100.0,-33.64,115.35,63.42,14.94
35,Tondano,40.0,ID,1545597000.0,100.0,1.3,124.91,75.2,1.7
36,Flin Flon,75.0,CA,1545595200.0,78.0,54.77,-101.88,8.6,3.36
37,Puerto Ayora,40.0,EC,1545595200.0,62.0,-0.74,-90.35,86.0,17.22
38,Ushuaia,90.0,AR,1545595200.0,87.0,-54.81,-68.31,48.2,9.17
39,New Norfolk,0.0,AU,1545597000.0,55.0,-42.78,147.06,60.8,17.22
40,Faya,56.0,SA,1545598320.0,94.0,18.39,42.45,51.72,1.7
41,Buchanan,75.0,LR,1545597000.0,94.0,5.88,-10.05,78.8,7.74
42,Malartic,90.0,CA,1545595200.0,84.0,48.14,-78.13,8.6,2.37
43,Lagoa,0.0,PT,1545595200.0,93.0,37.14,-8.45,55.4,6.93
44,Porto Novo,40.0,BR,1545595200.0,65.0,-23.68,-45.44,78.8,3.36
45,Saint-Philippe,1.0,CA,1545597300.0,67.0,45.36,-73.48,21.38,3.36
46,Jiuquan,8.0,CN,1545598322.0,43.0,39.73,98.49,-11.38,1.48
47,Avarua,75.0,CK,1545595200.0,79.0,-21.21,-159.78,84.2,9.17
48,Ilulissat,90.0,GL,1545594600.0,85.0,69.22,-51.1,17.6,21.92
49,Barrow,0.0,AR,1545598324.0,24.0,-38.31,-60.23,95.01,14.56
50,Castro,40.0,CL,1545595200.0,60.0,-42.48,-73.76,68.0,10.29
51,Verkhoturye,44.0,RU,1545598324.0,90.0,58.86,60.81,-20.47,3.83
52,Kruisfontein,76.0,ZA,1545598325.0,94.0,-34.0,24.73,68.23,15.84
53,Birobidzhan,0.0,RU,1545598325.0,62.0,48.79,132.93,0.73,8.52
54,Qaanaaq,64.0,GL,1545598325.0,91.0,77.48,-69.36,-4.9,5.28
55,Vesyegonsk,88.0,RU,1545598325.0,87.0,58.67,37.27,14.95,10.25
56,Colares,0.0,PT,1545595200.0,87.0,38.8,-9.45,51.8,8.05
57,Marsh Harbour,0.0,BS,1545598315.0,100.0,26.54,-77.06,72.06,6.62
58,Bredasdorp,12.0,ZA,1545595200.0,82.0,-34.53,20.04,68.0,3.38
59,Bluff,0.0,AU,1545598327.0,67.0,-23.58,149.07,68.41,14.61
60,Bandarbeyla,0.0,SO,1545598327.0,100.0,9.49,50.81,78.09,23.55
61,Cairns,75.0,AU,1545597000.0,94.0,-16.92,145.77,75.2,13.87
62,Vestmannaeyjar,92.0,IS,1545598087.0,100.0,63.44,-20.27,42.13,19.82
63,Pampa,1.0,US,1545597300.0,50.0,35.54,-100.96,48.2,6.93
64,Belmonte,32.0,PT,1545598328.0,88.0,40.36,-7.35,34.98,2.48
65,Codajas,32.0,BR,1545598125.0,78.0,-3.84,-62.06,84.61,3.38
66,Hovd,75.0,NO,1545596400.0,85.0,63.83,10.7,32.0,11.41
67,Bambous Virieux,40.0,MU,1545595200.0,88.0,-20.34,57.76,77.0,3.36
68,Hamilton,40.0,BM,1545594900.0,68.0,32.3,-64.78,68.0,8.05
69,Broome,40.0,GB,1545596400.0,93.0,52.47,1.45,44.6,5.82
70,Pevek,0.0,RU,1545598329.0,100.0,69.7,170.27,-31.4,6.33
71,Mareeba,75.0,AU,1545597000.0,94.0,-16.99,145.42,75.2,13.87
72,Airai,88.0,TL,1545598330.0,96.0,-8.93,125.41,70.75,1.59
73,Whitehorse,90.0,CA,1545595860.0,84.0,60.72,-135.06,1.4,4.7
74,Agadez,0.0,NE,1545598331.0,39.0,16.97,7.99,59.55,11.65
75,Dalvik,75.0,SE,1545596400.0,79.0,57.79,14.13,23.0,10.29
76,Tomatlan,0.0,MX,1545598331.0,48.0,19.93,-105.25,79.71,3.31
77,Bahraich,0.0,IN,1545598331.0,92.0,27.58,81.6,44.2,4.09
78,Souillac,90.0,FR,1545595200.0,93.0,45.6,-0.6,53.6,3.36
79,Bitung,40.0,ID,1545597000.0,100.0,1.44,125.19,75.2,9.64
80,Lebu,44.0,ET,1545598333.0,89.0,8.96,38.73,41.91,2.98
81,Kapaa,20.0,US,1545594960.0,73.0,22.08,-159.32,80.06,17.22
82,Lake Havasu City,1.0,US,1545597300.0,19.0,34.47,-114.34,66.2,3.36
83,Luderitz,0.0,NA,1545598333.0,71.0,-26.65,15.16,62.79,16.35
84,Veraval,90.0,FR,1545595200.0,100.0,49.65,0.71,53.6,11.41
85,Katsuura,40.0,JP,1545595200.0,66.0,33.93,134.5,50.0,13.87
86,Klaksvik,80.0,FO,1545596400.0,81.0,62.23,-6.59,42.8,17.22
87,Alvorada,75.0,BR,1545595200.0,65.0,-30.0,-51.08,78.8,16.11
88,Cayenne,90.0,GF,1545597000.0,78.0,4.94,-52.33,80.6,11.41
89,Longyearbyen,75.0,NO,1545594600.0,65.0,78.22,15.63,6.8,8.05
90,Poplar Bluff,20.0,US,1545597300.0,53.0,36.76,-90.39,50.0,6.93
91,Montecristi,75.0,EC,1545595200.0,78.0,-1.05,-80.66,82.4,8.05
92,Wexford,40.0,US,1545596040.0,75.0,40.63,-80.06,44.06,5.82
93,Atuona,92.0,PF,1545598337.0,100.0,-9.8,-139.03,81.06,18.07
94,Yulara,0.0,AU,1545595200.0,22.0,-25.24,130.99,64.4,6.93
95,Tuktoyaktuk,90.0,CA,1545595200.0,83.0,69.44,-133.03,-5.81,3.36
96,Morococha,56.0,PE,1545598338.0,84.0,-11.61,-76.13,46.63,2.82
97,Hasaki,75.0,JP,1545596460.0,100.0,35.73,140.83,35.6,1.12
98,Ossora,92.0,RU,1545598339.0,100.0,59.24,163.07,4.96,4.61
99,Sauce,20.0,UY,1545595200.0,39.0,-34.65,-56.06,78.8,8.05
100,Aksu,90.0,KZ,1545597000.0,84.0,52.04,76.93,-2.21,11.18
101,Kavieng,32.0,PG,1545598339.0,100.0,-2.57,150.8,84.12,3.87
102,Ginir,0.0,ET,1545598340.0,46.0,7.14,40.71,54.1,4.72
103,Plettenberg Bay,88.0,ZA,1545598340.0,96.0,-34.05,23.37,68.64,12.66
104,Oistins,20.0,BB,1545595200.0,61.0,13.07,-59.53,82.4,17.22
105,Mattawa,75.0,CA,1545595200.0,85.0,46.32,-78.7,10.4,6.93
106,East London,0.0,ZA,1545598340.0,96.0,-33.02,27.91,74.94,24.9
107,Chokurdakh,68.0,RU,1545598341.0,54.0,70.62,147.9,-31.4,3.2
108,Kodiak,1.0,US,1545596100.0,14.0,39.95,-94.76,46.94,10.29
109,Ust-Tsilma,36.0,RU,1545598341.0,75.0,65.44,52.15,-3.01,7.07
110,Verkhnevilyuysk,56.0,RU,1545598342.0,38.0,63.45,120.31,-25.19,6.73
111,Marsa Matruh,75.0,EG,1545595200.0,87.0,31.35,27.25,57.2,5.82
112,Yellowknife,90.0,CA,1545595200.0,76.0,62.45,-114.38,-4.01,3.36
113,Kavaratti,32.0,IN,1545598343.0,100.0,10.57,72.64,83.4,11.25
114,Kano,0.0,NG,1545598343.0,52.0,11.99,8.53,56.31,5.77
115,Torbay,90.0,CA,1545595200.0,93.0,47.66,-52.73,37.4,17.22
116,Kogon,90.0,UZ,1545597000.0,86.0,39.73,64.54,33.8,4.7
117,North Bend,90.0,US,1545594960.0,71.0,43.41,-124.22,55.04,13.87
118,Tuatapere,0.0,NZ,1545598344.0,88.0,-46.13,167.69,58.2,4.76
119,Hilo,90.0,US,1545594780.0,64.0,19.71,-155.08,75.92,9.17
120,Saint George,20.0,GR,1545594600.0,93.0,39.45,22.34,44.6,0.96
121,Boda,0.0,BD,1545598345.0,82.0,26.2,88.56,52.03,1.48
122,Puerto Escondido,20.0,MX,1545594000.0,69.0,15.86,-97.07,82.4,9.17
123,Elk Plain,75.0,US,1545597480.0,100.0,47.04,-122.37,46.94,4.5
124,Esperance,40.0,TT,1545595200.0,66.0,10.24,-61.45,84.2,11.41
125,Carnarvon,0.0,ZA,1545598346.0,27.0,-30.97,22.13,75.7,14.56
126,Vohibinany,56.0,MG,1545598347.0,89.0,-17.35,49.03,73.18,2.3
127,Leh,64.0,IN,1545598347.0,53.0,34.16,77.58,-10.66,1.86
128,Domat,75.0,CH,1545596400.0,100.0,46.83,9.45,33.8,4.7
129,Kaitangata,0.0,NZ,1545598348.0,78.0,-46.28,169.85,59.68,4.27
130,Rio Grande,75.0,BR,1545595200.0,69.0,-32.03,-52.1,75.2,13.87
131,Beyneu,36.0,KZ,1545598348.0,79.0,45.32,55.19,9.28,9.35
132,Pisco,40.0,PE,1545595200.0,30.0,-13.71,-76.2,71.6,24.16
133,Chuy,0.0,UY,1545598348.0,84.0,-33.69,-53.46,69.85,11.25
134,Puri,20.0,ID,1545597000.0,78.0,-7.54,112.45,80.6,6.4
135,Rondonopolis,48.0,BR,1545598219.0,77.0,-16.46,-54.64,85.51,4.83
136,Urusha,0.0,RU,1545598350.0,31.0,54.05,122.9,-22.49,2.86
137,Senno,92.0,RU,1545595200.0,92.0,57.76,27.95,23.0,2.24
138,Luau,68.0,CD,1545598351.0,96.0,-10.7,22.23,66.21,1.81
139,Mnogovershinnyy,20.0,RU,1545598351.0,79.0,53.94,139.92,-4.85,3.6
140,Cape Town,0.0,ZA,1545595200.0,82.0,-33.93,18.42,68.0,12.75
141,Port Lincoln,0.0,AU,1545598351.0,91.0,-34.72,135.86,64.36,11.59
142,Dali,0.0,CN,1545598352.0,100.0,25.6,100.24,28.41,1.86
143,Okhotsk,80.0,RU,1545598352.0,100.0,59.36,143.24,5.37,8.12
144,Leningradskiy,0.0,RU,1545598352.0,97.0,69.38,178.42,-16.19,10.42
145,Poum,56.0,MK,1545598353.0,85.0,41.28,20.71,26.88,1.74
146,Berezovyy,36.0,RU,1545598353.0,50.0,51.67,135.7,-10.12,5.73
147,Tiksi,0.0,RU,1545598353.0,0.0,71.64,128.87,-44.99,5.77
148,Stelnica,0.0,RO,1545595200.0,100.0,44.41,27.88,35.6,4.7
149,Kerrville,1.0,US,1545597300.0,38.0,30.05,-99.14,61.16,13.87
150,Pahrump,1.0,US,1545595080.0,18.0,36.21,-115.98,57.92,8.05
151,Wenling,92.0,CN,1545598354.0,100.0,28.38,121.38,48.84,14.27
152,Santiago,0.0,CL,1545595200.0,27.0,-33.44,-70.65,89.6,10.29
153,Odda,8.0,NO,1545598355.0,72.0,60.07,6.55,3.93,2.26
154,Poya,88.0,NC,1545598355.0,100.0,-21.35,165.16,76.65,5.77
155,Tasiilaq,92.0,GL,1545594600.0,86.0,65.61,-37.64,26.6,3.36
156,Kiomboi,56.0,TZ,1545598356.0,95.0,-4.28,34.41,59.82,2.82
157,Necochea,12.0,AR,1545598356.0,49.0,-38.55,-58.74,85.15,9.24
158,Cabo San Lucas,75.0,MX,1545594120.0,41.0,22.89,-109.91,80.6,2.24
159,Channel-Port aux Basques,24.0,CA,1545598356.0,100.0,47.57,-59.14,33.4,32.5
160,San Quintin,80.0,PH,1545598265.0,78.0,17.54,120.52,72.51,3.27
161,Warrington,20.0,GB,1545596400.0,93.0,53.39,-2.59,42.8,5.82
162,Lavrentiya,48.0,RU,1545598357.0,100.0,65.58,-170.99,7.98,17.07
163,Tuban,88.0,ID,1545598357.0,96.0,-6.9,112.07,72.15,5.61
164,Peachtree City,75.0,US,1545597300.0,61.0,33.4,-84.6,67.28,16.11
165,Taksimo,32.0,RU,1545598358.0,71.0,56.36,114.84,-26.32,1.81
166,Tual,88.0,ID,1545598358.0,100.0,-5.67,132.75,80.52,9.01
167,Mahebourg,40.0,MU,1545595200.0,88.0,-20.41,57.7,77.0,3.36
168,Haines Junction,64.0,CA,1545598359.0,81.0,60.75,-137.51,-4.36,2.75
169,Nurota,75.0,UZ,1545597000.0,80.0,40.56,65.69,33.8,6.93
170,Broken Hill,0.0,AU,1545595200.0,20.0,-31.97,141.45,66.2,5.82
171,Udachnyy,0.0,RU,1545598359.0,0.0,66.42,112.4,-57.32,2.3
172,Fortuna,0.0,ES,1545597000.0,87.0,38.18,-1.13,50.0,3.36
173,Georgetown,75.0,GY,1545595200.0,69.0,6.8,-58.16,84.2,11.41
174,Punta de Bombon,76.0,PE,1545598183.0,100.0,-17.17,-71.79,69.9,9.86
175,Vila Franca do Campo,40.0,PT,1545595200.0,87.0,37.72,-25.43,60.8,9.17
176,Watertown,90.0,US,1545596100.0,70.0,44.9,-97.12,30.2,16.11
177,Clyde River,20.0,CA,1545595200.0,83.0,70.47,-68.59,-13.01,8.05
178,Yar-Sale,0.0,RU,1545598362.0,95.0,66.83,70.83,-15.61,21.09
179,Geraldton,75.0,CA,1545595200.0,77.0,49.72,-86.95,5.0,6.93
180,Hithadhoo,0.0,MV,1545598363.0,100.0,-0.6,73.08,82.18,6.78
181,Moron,8.0,VE,1545598364.0,50.0,10.49,-68.2,80.97,4.5
182,Tibiri,0.0,NE,1545598364.0,31.0,13.59,7.06,61.98,11.81
183,Rocha,0.0,UY,1545598364.0,45.0,-34.48,-54.34,76.15,9.08
184,Upernavik,68.0,GL,1545598364.0,100.0,72.79,-56.15,1.59,12.33
185,Taga,20.0,JP,1545595200.0,66.0,35.21,136.34,51.8,35.57
186,Diamantino,56.0,BR,1545598365.0,86.0,-14.4,-56.44,79.8,3.2
187,Malmesbury,90.0,GB,1545596460.0,93.0,51.58,-2.1,48.2,6.93
188,Sitka,8.0,US,1545598365.0,41.0,37.17,-99.65,49.29,9.35
189,Shamkhal,20.0,RU,1545597000.0,93.0,43.06,47.33,41.0,8.95
190,Salacgriva,88.0,LV,1545598366.0,93.0,57.75,24.36,26.65,10.58
191,Santiago del Estero,12.0,AR,1545598350.0,35.0,-27.8,-64.26,93.57,10.8
192,Taoudenni,0.0,ML,1545598366.0,28.0,22.68,-3.98,60.9,14.61
193,Beloha,0.0,MG,1545598367.0,80.0,-25.17,45.06,67.56,6.29
194,Worland,1.0,US,1545597300.0,47.0,44.02,-107.96,30.02,4.09
195,Taltal,0.0,CL,1545598367.0,63.0,-25.41,-70.49,71.07,4.54
196,Lorengau,44.0,PG,1545598367.0,100.0,-2.02,147.27,81.51,6.06
197,Faanui,76.0,PF,1545598367.0,100.0,-16.48,-151.75,83.22,15.05
198,Nouadhibou,80.0,MR,1545595200.0,49.0,20.93,-17.03,69.8,4.7
199,Phan Thiet,44.0,VN,1545598368.0,100.0,10.93,108.1,74.22,4.72
200,Ponta do Sol,64.0,BR,1545598368.0,87.0,-20.63,-46.0,75.57,5.77
201,Ostrovnoy,32.0,RU,1545598368.0,86.0,68.05,39.51,13.29,16.06
202,Payo,32.0,ID,1545598369.0,93.0,-3.75,103.64,70.75,1.86
203,Pangnirtung,20.0,CA,1545595200.0,49.0,66.15,-65.72,1.4,5.82
204,Galle,1.0,US,1545597300.0,36.0,29.74,-97.91,66.2,12.75
205,Wanning,75.0,AT,1545596400.0,93.0,48.64,13.53,42.8,2.24
206,Chunskiy,0.0,RU,1545598370.0,33.0,56.08,99.63,-22.94,4.38
207,Sao Sebastiao,64.0,BR,1545598370.0,77.0,-3.15,-58.36,83.4,4.21
208,Salalah,0.0,OM,1545594600.0,41.0,17.01,54.1,75.2,9.17
209,Strezhevoy,0.0,RU,1545597000.0,72.0,60.73,77.6,-40.01,2.24
210,Norman Wells,75.0,CA,1545595200.0,83.0,65.28,-126.83,-13.01,2.24
211,Amapa,75.0,HN,1545595200.0,74.0,15.09,-87.97,78.8,10.29
212,Bereda,0.0,ES,1545597000.0,93.0,43.27,-7.54,50.0,2.24
213,Provideniya,90.0,RU,1545597000.0,77.0,64.42,-173.23,1.4,11.18
214,Husavik,80.0,CA,1545598372.0,90.0,50.56,-96.99,15.27,9.01
215,Prince George,1.0,CA,1545595200.0,86.0,53.92,-122.75,26.6,9.17
216,Padang,0.0,ID,1545598372.0,100.0,-0.92,100.36,80.65,2.82
217,Half Moon Bay,75.0,US,1545597600.0,62.0,37.46,-122.43,59.0,10.29
218,Atambua,100.0,ID,1545598373.0,100.0,-9.11,124.89,74.49,4.76
219,Bubaque,0.0,GW,1545598373.0,99.0,11.28,-15.83,80.97,6.78
220,Lower Hutt,92.0,NZ,1545597000.0,82.0,-41.21,174.91,60.8,13.87
221,Salinas,1.0,US,1545596100.0,62.0,36.67,-121.66,59.0,4.21
222,Cidreira,44.0,BR,1545598374.0,82.0,-30.17,-50.22,73.95,9.86
223,Vilhena,75.0,BR,1545595200.0,88.0,-12.74,-60.15,73.4,11.41
224,Viedma,0.0,AR,1545598374.0,30.0,-40.81,-62.99,82.36,9.13
225,Quatre Cocos,40.0,MU,1545595200.0,88.0,-20.21,57.76,77.0,3.36
226,Nome,1.0,US,1545597300.0,34.0,30.04,-94.42,73.04,10.29
227,Charters Towers,36.0,AU,1545598376.0,85.0,-20.07,146.27,72.6,16.62
228,Malumfashi,0.0,NG,1545598376.0,50.0,11.79,7.62,57.88,6.11
229,Kaeo,92.0,NZ,1545598376.0,100.0,-35.1,173.78,65.58,10.42
230,Goderich,88.0,CA,1545598377.0,92.0,43.74,-81.71,33.9,6.51
231,Kahului,40.0,US,1545594960.0,64.0,20.89,-156.47,80.06,17.22
232,Ankazobe,40.0,MG,1545597000.0,82.0,-18.32,47.12,68.0,3.36
233,Yuli,0.0,NG,1545598378.0,54.0,10.52,9.86,57.66,5.77
234,Paita,0.0,PE,1545595200.0,290.0,-5.09,-81.11,62.6,17.22
235,Rockland,1.0,US,1545597300.0,38.0,42.13,-70.92,42.98,5.82
236,Isangel,76.0,VU,1545598378.0,97.0,-19.55,169.27,80.56,9.35
237,Hervey Bay,75.0,AU,1545595200.0,82.0,-25.3,152.85,66.2,5.82
238,Cabadiangan,90.0,PH,1545595200.0,94.0,10.45,123.98,75.2,2.24
239,Thinadhoo,12.0,MV,1545598115.0,100.0,0.53,72.93,81.51,6.89
240,Port Hardy,90.0,CA,1545595200.0,93.0,50.7,-127.42,44.6,8.05
241,Basco,1.0,US,1545597300.0,45.0,40.33,-91.2,44.6,14.99
242,Ankazoabo,0.0,MG,1545598380.0,43.0,-22.29,44.51,73.14,7.29
243,Cockburn Town,8.0,TC,1545598212.0,100.0,21.46,-71.14,79.89,16.28
244,Sebeta,68.0,ET,1545598380.0,89.0,8.91,38.62,44.52,2.59
245,Manzanillo,36.0,CU,1545598381.0,100.0,20.34,-77.12,78.0,18.86
246,Inhambane,0.0,MZ,1545598381.0,99.0,-23.87,35.38,73.5,7.63
247,Okha,76.0,RU,1545598381.0,96.0,53.59,142.95,11.13,23.33
248,Tashara,12.0,RU,1545598382.0,70.0,55.52,83.51,-23.17,8.34
249,Haverfordwest,88.0,GB,1545594600.0,100.0,51.8,-4.97,46.4,5.82
250,Dire,44.0,ET,1545598382.0,89.0,9.18,38.92,41.91,2.98
251,Arraial do Cabo,0.0,BR,1545595200.0,78.0,-22.97,-42.02,84.2,11.41
252,Miyako,20.0,JP,1545595200.0,61.0,33.63,130.94,46.4,11.41
253,Ukiah,90.0,US,1545597600.0,79.0,39.15,-123.21,50.0,2.53
254,Nevsehir,90.0,TR,1545596400.0,80.0,38.62,34.71,41.0,4.99
255,Sattenapalle,0.0,IN,1545598384.0,91.0,16.39,80.15,65.4,2.59
256,Nouakchott,36.0,MR,1545597000.0,13.0,18.08,-15.98,75.2,8.05
257,La Ronge,90.0,CA,1545597000.0,84.0,55.1,-105.3,5.0,4.7
258,Iqaluit,75.0,CA,1545595920.0,68.0,63.75,-68.52,-14.81,20.8
259,Walvis Bay,0.0,NA,1545595200.0,68.0,-22.95,14.51,68.0,4.7
260,Tucuman,0.0,PE,1545598385.0,34.0,-17.17,-70.89,73.86,4.72
261,Tautira,20.0,PF,1545597000.0,62.0,-17.73,-149.15,87.8,5.82
262,Shadegan,75.0,IR,1545595200.0,93.0,30.65,48.67,50.0,6.93
263,Remiremont,90.0,FR,1545595200.0,93.0,48.02,6.59,57.2,13.87
264,Fare,80.0,PF,1545598386.0,97.0,-16.7,-151.02,83.49,14.61
265,Plyussa,88.0,RU,1545598387.0,93.0,58.42,29.37,24.72,6.22
266,Pilar,0.0,AR,1545595200.0,45.0,-34.46,-58.91,86.0,10.29
267,Vysokogornyy,24.0,RU,1545598387.0,58.0,50.1,139.13,-3.55,9.57
268,Ribeira Grande,75.0,PT,1545595200.0,76.0,38.52,-28.7,57.2,3.36
269,Bara,0.0,NG,1545598388.0,35.0,10.41,10.6,66.43,9.35
270,Biak,76.0,ID,1545598389.0,100.0,-0.91,122.88,74.08,3.04
271,Terny,88.0,UA,1545598390.0,95.0,50.99,33.98,31.06,16.06
272,Vila,90.0,IT,1545596400.0,100.0,45.18,8.4,44.6,1.12
273,Hastings,100.0,NZ,1545598390.0,100.0,-39.64,176.84,62.11,20.38
274,Santa Margherita Ligure,75.0,IT,1545596400.0,82.0,44.33,9.21,59.0,4.7
275,Sisimiut,92.0,GL,1545598391.0,100.0,66.94,-53.67,14.86,1.86
276,Paka,0.0,HR,1545597000.0,93.0,45.29,18.06,41.0,6.93
277,Constitucion,75.0,MX,1545594420.0,8.0,23.99,-104.67,68.0,4.54
278,Soderhamn,0.0,SE,1545598392.0,81.0,61.3,17.06,6.18,4.32
279,Mount Isa,0.0,AU,1545597000.0,18.0,-20.73,139.49,82.4,6.93
280,Ambilobe,80.0,MG,1545598392.0,96.0,-13.19,49.05,74.13,7.78
281,High Level,56.0,CA,1545598392.0,73.0,58.52,-117.13,2.8,3.38
282,Ouro Fino,24.0,BR,1545598393.0,74.0,-22.28,-46.37,76.78,5.55
283,Boca do Acre,48.0,BR,1545598393.0,73.0,-8.76,-67.39,83.94,2.71
284,Saint-Georges,0.0,CA,1545598394.0,55.0,46.12,-70.67,18.46,6.06
285,Gboko,0.0,NG,1545598394.0,32.0,7.32,9.0,74.98,8.12
286,Baykit,56.0,RU,1545598394.0,64.0,61.68,96.39,-22.63,7.4
287,Nadvoitsy,92.0,RU,1545598394.0,81.0,63.89,34.27,11.8,5.32
288,Nanortalik,92.0,GL,1545598395.0,94.0,60.14,-45.24,34.26,19.86
289,Bridlington,80.0,GB,1545596400.0,93.0,54.08,-0.19,42.8,6.93
290,Riberalta,75.0,BO,1545595200.0,83.0,-11.0,-66.08,80.6,6.93
291,Surt,48.0,LY,1545598395.0,100.0,31.21,16.59,61.8,7.78
292,Saldanha,12.0,PT,1545598396.0,87.0,41.42,-6.55,32.55,2.48
293,Turinskaya Sloboda,32.0,RU,1545598396.0,64.0,57.62,64.39,-13.54,5.32
294,Hokitika,0.0,NZ,1545598396.0,92.0,-42.72,170.96,62.88,1.74
295,Amberg,90.0,DE,1545596880.0,100.0,49.45,11.86,44.6,4.7
296,Bull Savanna,32.0,JM,1545598397.0,68.0,17.89,-77.59,79.3,5.77
297,Anori,32.0,BR,1545598397.0,78.0,-3.74,-61.66,84.61,3.38
298,Coihaique,90.0,CL,1545595200.0,59.0,-45.58,-72.07,62.6,4.7
299,Yamnytsya,40.0,UA,1545597000.0,92.0,48.99,24.71,30.2,4.47
300,Terme,90.0,TR,1545594600.0,87.0,41.21,36.97,48.2,4.7
301,Coquimbo,40.0,CL,1545595200.0,77.0,-29.95,-71.34,64.4,13.87
302,Kirovskiy,0.0,RU,1545598398.0,61.0,45.09,133.51,-2.87,4.54
303,Iracoubo,64.0,GF,1545598399.0,88.0,5.48,-53.21,76.65,3.53
304,Touros,40.0,BR,1545595200.0,78.0,-5.2,-35.46,82.4,16.11
305,Sola,90.0,FI,1545596400.0,84.0,62.78,29.36,8.6,3.36
306,Salinopolis,88.0,BR,1545598399.0,98.0,-0.61,-47.36,80.97,9.31
307,Yarada,20.0,IN,1545595200.0,88.0,17.65,83.27,66.2,4.7
308,Banjar,92.0,ID,1545598400.0,99.0,-7.37,108.54,71.34,2.82
309,Kupang,92.0,ID,1545598400.0,100.0,-10.16,123.6,75.84,4.54
310,Ixtapa,5.0,MX,1545594060.0,36.0,20.71,-105.21,78.8,6.93
311,Mar del Plata,76.0,AR,1545598401.0,32.0,-46.43,-67.52,78.81,26.42
312,San Patricio,0.0,PY,1545598401.0,67.0,-26.98,-56.83,83.26,4.99
313,Chapleau,90.0,CA,1545595200.0,92.0,47.85,-83.4,10.4,5.82
314,Nanakuli,40.0,US,1545597240.0,74.0,21.39,-158.15,80.06,11.41
315,Xining,24.0,CN,1545598403.0,67.0,36.62,101.77,-4.36,2.04
316,Kastamonu,80.0,TR,1545598403.0,98.0,41.38,33.78,33.9,7.74
317,Sande,75.0,DE,1545596400.0,100.0,51.76,8.66,42.8,4.7
318,Atbasar,76.0,KZ,1545598404.0,81.0,51.81,68.36,-1.75,8.23
319,Avera,1.0,US,1545597300.0,55.0,33.19,-82.53,66.2,9.17
320,Ola,32.0,RU,1545598404.0,100.0,59.58,151.3,1.05,17.63
321,Batagay-Alyta,0.0,RU,1545598405.0,0.0,67.8,130.41,-52.15,2.82
322,Hay River,40.0,CA,1545595200.0,76.0,60.82,-115.79,-7.61,5.82
323,Manggar,68.0,ID,1545598405.0,100.0,-2.88,108.27,75.61,3.27
324,Kodinsk,32.0,RU,1545598406.0,43.0,58.6,99.18,-27.49,4.09
325,Itarema,92.0,BR,1545598406.0,94.0,-2.92,-39.92,76.33,6.51
326,Noumea,0.0,NC,1545597000.0,62.0,-22.28,166.46,84.2,5.82
327,Torrington,1.0,US,1545596100.0,21.0,42.06,-104.18,46.94,21.92
328,Kumbhraj,0.0,IN,1545598406.0,79.0,24.44,77.0,49.15,6.78
329,Almeirim,0.0,PT,1545595200.0,87.0,39.21,-8.63,51.8,8.05
330,Huanren,0.0,CN,1545598407.0,82.0,41.26,125.37,-5.71,2.3
331,Hambantota,24.0,LK,1545598407.0,100.0,6.12,81.12,78.0,7.07
332,Grindavik,75.0,IS,1545597000.0,93.0,63.84,-22.43,41.0,17.22
333,Thompson,75.0,CA,1545595200.0,70.0,55.74,-97.86,-4.01,2.24
334,Finschhafen,64.0,PG,1545598408.0,93.0,-6.6,147.85,75.16,1.7
335,Manta,20.0,RO,1545598408.0,68.0,45.1,24.1,22.83,4.5
336,Glace Bay,75.0,CA,1545595200.0,74.0,46.2,-59.96,28.4,12.75
337,Kalga,12.0,RU,1545598409.0,60.0,50.92,118.9,-14.71,2.75
338,Yaring,20.0,TH,1545598409.0,95.0,6.87,101.37,72.28,2.75
339,General Roca,0.0,AR,1545595200.0,15.0,-39.03,-67.58,91.4,6.93
340,Umm Lajj,0.0,SA,1545598410.0,100.0,25.02,37.27,64.77,5.1
341,West Bay,75.0,GB,1545596400.0,93.0,50.71,-2.76,53.6,3.36
342,Ballina,75.0,IE,1545595200.0,93.0,54.11,-9.15,41.0,5.82
343,Shelburne,90.0,CA,1545597420.0,86.0,44.08,-80.2,32.0,5.82
344,Siyabuswa,12.0,ZA,1545598411.0,93.0,-25.11,29.06,63.91,3.04
345,Coari,12.0,BR,1545598411.0,78.0,-4.09,-63.14,83.85,3.53
346,Vitry-le-Francois,90.0,FR,1545595200.0,87.0,48.73,4.58,55.4,17.22
347,Xucheng,0.0,CN,1545598412.0,100.0,33.0,118.51,33.54,8.3
348,Petropavlovsk-Kamchatskiy,68.0,RU,1545597000.0,77.0,53.05,158.65,-0.41,11.18
349,Caceres,8.0,CO,1545598412.0,58.0,5.53,-74.53,80.88,2.04
350,Codrington,75.0,AU,1545595200.0,93.0,-28.95,153.24,68.0,4.27
351,Kungurtug,48.0,RU,1545598413.0,55.0,50.6,97.53,-10.12,4.88
352,Livingston,75.0,US,1545597300.0,46.0,32.58,-88.19,69.98,9.17
353,Vao,92.0,EE,1545598413.0,97.0,59.1,26.19,28.05,8.08
354,San Juan,90.0,PH,1545595200.0,94.0,14.6,121.03,75.2,14.56
355,Molchanovo,0.0,RU,1545598414.0,47.0,57.58,83.76,-28.66,6.4
356,Buin,0.0,CL,1545595200.0,27.0,-33.73,-70.74,89.6,10.29
357,Sucua,75.0,EC,1545595200.0,54.0,-2.46,-78.17,78.8,8.05
358,Samarai,64.0,PG,1545598416.0,100.0,-10.62,150.67,83.04,6.33
359,Timbiqui,75.0,CO,1545595200.0,83.0,2.77,-77.67,84.2,9.17
360,Simao,0.0,CN,1545598416.0,83.0,22.76,100.79,39.43,1.86
361,Alofi,75.0,NU,1545595200.0,74.0,-19.06,-169.92,84.2,19.46
362,Balaipungut,48.0,ID,1545598417.0,92.0,1.11,101.31,73.68,0.85
363,Yingcheng,80.0,CN,1545595200.0,65.0,30.93,113.57,44.6,4.47
364,Senj,90.0,HR,1545597000.0,93.0,45.35,13.91,48.2,4.7
365,Shimoda,0.0,JP,1545598418.0,100.0,34.7,138.93,57.16,10.87
366,Cherskiy,44.0,RU,1545598418.0,62.0,68.75,161.3,-34.1,2.82
367,Saint-Pierre,90.0,FR,1545595200.0,100.0,48.95,4.24,55.4,21.92
368,Mandalgovi,0.0,MN,1545598419.0,47.0,45.76,106.27,-5.44,12.15
369,Yumen,32.0,CN,1545598419.0,74.0,40.29,97.04,4.06,9.08
370,Port-Gentil,20.0,GA,1545595200.0,88.0,-0.72,8.78,80.6,4.7
371,Gashua,0.0,NG,1545598420.0,35.0,12.87,11.04,62.43,9.57
372,Muisne,75.0,EC,1545595200.0,100.0,0.61,-80.02,77.0,10.29
373,Santa Cruz de Tenerife,0.0,ES,1545597000.0,52.0,28.47,-16.25,66.2,16.11
374,Abu Dhabi,20.0,AE,1545595200.0,56.0,24.47,54.37,69.8,11.41
375,Qasigiannguit,90.0,GL,1545594600.0,85.0,68.82,-51.19,17.6,21.92
376,San Pedro,0.0,AR,1545598422.0,45.0,-33.68,-59.66,87.9,4.83
377,Dubbo,0.0,AU,1545597000.0,55.0,-32.25,148.6,64.4,12.75
378,Turayf,0.0,SA,1545595200.0,87.0,31.68,38.65,44.6,2.24
379,Nishihara,1.0,JP,1545595200.0,95.0,35.74,139.53,51.8,7.11
380,Edgecumbe,92.0,NZ,1545598423.0,100.0,-37.98,176.83,65.85,16.17
381,Hobyo,36.0,SO,1545598423.0,80.0,5.35,48.53,78.27,20.6
382,Sao Joao da Barra,0.0,BR,1545595200.0,52.0,-21.64,-41.05,89.6,9.17
383,Linjiang,0.0,CN,1545598424.0,60.0,41.81,126.91,-14.3,3.31
384,Shingu,36.0,JP,1545598424.0,100.0,33.72,135.99,53.83,16.58
385,Mwanza,75.0,TZ,1545595200.0,83.0,-2.52,32.9,71.6,9.17
386,Obama,76.0,JP,1545598424.0,100.0,35.49,135.74,44.16,9.86
387,Grahamstown,68.0,ZA,1545598425.0,93.0,-33.31,26.53,68.01,10.8
388,Ponnani,40.0,IN,1545597000.0,83.0,10.77,75.93,80.6,7.85
389,Hofn,80.0,IS,1545598425.0,100.0,64.25,-15.21,38.35,12.77
390,Luganville,92.0,VU,1545598425.0,100.0,-15.51,167.18,81.6,11.32
391,Kununurra,0.0,AU,1545597000.0,88.0,-15.77,128.74,80.6,1.12
392,Marzuq,0.0,YE,1545598426.0,79.0,14.4,46.47,38.58,2.3
393,Krasnogvardeyskiy,36.0,RU,1545598426.0,75.0,57.38,62.32,-11.02,5.21
394,Opuwo,32.0,NA,1545598426.0,93.0,-18.06,13.84,63.69,3.09
395,Kingston,90.0,CA,1545595200.0,73.0,44.23,-76.48,26.96,3.36
396,Tay Ninh,80.0,VN,1545598427.0,96.0,11.3,106.1,73.9,7.56
397,Pekan,75.0,MY,1545595200.0,94.0,3.49,103.39,75.2,2.24
398,Twin Falls,90.0,US,1545597780.0,75.0,42.57,-114.46,33.98,6.93
399,Tigil,0.0,RU,1545598428.0,54.0,57.8,158.67,-11.02,2.98
400,Chapais,90.0,CA,1545595200.0,77.0,49.78,-74.86,6.8,8.05
401,Canas,75.0,BR,1545595200.0,69.0,-22.7,-45.05,78.8,3.53
402,Berdigestyakh,64.0,RU,1545598429.0,63.0,62.1,126.7,-21.95,3.71
403,Kabala,0.0,SL,1545598430.0,53.0,9.59,-11.55,67.15,5.39
404,Muros,0.0,ES,1545597000.0,93.0,42.77,-9.06,51.8,4.7
405,Westport,75.0,IE,1545595200.0,93.0,53.8,-9.52,41.0,5.82
406,Kovernino,88.0,RU,1545598431.0,83.0,57.13,43.81,12.84,10.13
407,Seymchan,48.0,RU,1545598431.0,46.0,62.93,152.39,-29.38,2.75
408,Vila Velha,90.0,BR,1545595200.0,88.0,-3.71,-38.6,77.0,3.36
409,Tabou,0.0,CI,1545598432.0,100.0,4.42,-7.36,79.98,6.4
410,Nizwa,32.0,OM,1545598432.0,85.0,22.93,57.53,53.97,4.27
411,Los Llanos de Aridane,0.0,ES,1545597000.0,52.0,28.66,-17.92,68.0,16.11
412,Teya,75.0,MX,1545594600.0,32.0,21.05,-89.07,84.2,4.7
413,Bayangol,20.0,MN,1545598433.0,55.0,48.91,106.09,-7.42,3.2
414,Basse,92.0,DE,1545596400.0,93.0,52.55,9.51,42.8,3.36
415,Huarmey,12.0,PE,1545598434.0,64.0,-10.07,-78.15,75.93,4.61
416,Acajutla,0.0,SV,1545594600.0,38.0,13.59,-89.83,87.8,4.7
417,Hope,90.0,CA,1545597960.0,100.0,49.38,-121.43,37.4,4.7
418,Poli,8.0,CM,1545598435.0,64.0,8.48,13.24,60.36,2.86
419,Alice Town,0.0,BS,1545598435.0,100.0,25.72,-79.3,70.98,8.3
420,Mayumba,68.0,GA,1545598435.0,95.0,-3.44,10.65,79.03,5.06
421,Lalibela,8.0,ET,1545598435.0,98.0,12.04,39.05,46.32,2.71
422,Lompoc,1.0,US,1545597300.0,48.0,34.64,-120.46,64.4,5.82
423,Ornskoldsvik,0.0,SE,1545596400.0,84.0,63.29,18.72,1.4,4.7
424,Rawson,0.0,AR,1545598436.0,21.0,-43.3,-65.11,90.01,8.75
425,Talnakh,88.0,RU,1545598436.0,80.0,69.49,88.39,-26.23,14.34
426,Matara,24.0,PE,1545598437.0,60.0,-13.74,-72.9,59.55,2.71
427,Siniscola,0.0,IT,1545596400.0,72.0,40.57,9.69,60.8,20.8
428,Koshurnikovo,0.0,RU,1545598437.0,66.0,54.3,93.39,-16.37,2.37
429,Talakan,0.0,RU,1545598437.0,66.0,50.29,130.28,-9.35,5.1
430,Lata,0.0,IN,1545598438.0,67.0,30.78,78.62,17.97,1.74
431,Brawley,1.0,US,1545594960.0,33.0,32.98,-115.53,69.08,4.5
432,Mbandaka,8.0,CD,1545598438.0,87.0,0.05,18.26,75.25,2.04
433,Yatou,40.0,CM,1545595200.0,88.0,3.63,9.81,78.8,2.24
434,Nabire,8.0,ID,1545598439.0,92.0,-3.36,135.5,67.51,2.26
435,Vardo,90.0,US,1545596400.0,45.0,39.62,-77.74,46.4,8.05
436,Vangaindrano,92.0,MG,1545598439.0,100.0,-23.35,47.6,67.06,4.21
437,Korem,64.0,ET,1545598439.0,80.0,12.51,39.52,53.97,2.19
438,Romodanovo,88.0,RU,1545598440.0,89.0,54.42,45.33,16.98,12.26
439,Pochutla,5.0,MX,1545595500.0,65.0,15.74,-96.47,82.4,4.83
440,Albemarle,90.0,US,1545597600.0,46.0,35.35,-80.2,59.0,6.93
441,Traiguen,0.0,CL,1545598440.0,50.0,-38.25,-72.68,75.43,8.9
442,Takahagi,40.0,JP,1545596280.0,100.0,36.74,140.69,33.8,2.24
443,Nueve de Julio,12.0,AR,1545598441.0,32.0,-31.67,-68.39,88.62,4.05
444,Pauini,48.0,BR,1545598441.0,76.0,-7.71,-67.0,82.9,6.29
445,Khani,90.0,GE,1545597000.0,75.0,41.96,42.96,46.4,6.93
446,The Valley,20.0,AI,1545595200.0,61.0,18.22,-63.06,80.6,10.29
447,Tarko-Sale,24.0,RU,1545598443.0,39.0,64.92,77.78,-25.24,14.61
448,Salekhard,8.0,RU,1545598444.0,36.0,66.54,66.62,-23.75,13.94
449,Tshane,44.0,BW,1545598444.0,16.0,-24.02,21.87,84.75,9.42
450,Madimba,40.0,CM,1545595200.0,88.0,4.42,9.93,78.8,2.24
451,Kashin,88.0,RU,1545598444.0,86.0,57.36,37.61,15.09,10.09
452,Neuquen,0.0,AR,1545595200.0,15.0,-38.95,-68.06,91.4,6.93
453,Naraina,0.0,IN,1545597000.0,76.0,26.78,75.2,53.6,5.82
454,Mukhtolovo,88.0,RU,1545598445.0,86.0,55.47,43.2,16.53,10.36
455,Aklavik,75.0,CA,1545597420.0,83.0,68.22,-135.01,-4.01,5.82
456,Labuhan,88.0,ID,1545598446.0,97.0,-2.54,115.51,71.88,3.27
457,Talara,0.0,PE,1545595200.0,290.0,-4.58,-81.27,62.6,17.22
458,Magway,0.0,MM,1545598446.0,97.0,20.15,94.92,61.35,5.73
459,Vrangel,0.0,RU,1545598447.0,100.0,42.73,133.08,19.14,21.32
460,Forecariah,0.0,GN,1545598447.0,69.0,9.43,-13.09,69.81,2.53
461,Sur,44.0,OM,1545598448.0,100.0,22.57,59.53,68.86,1.86
462,Kyaikto,0.0,MM,1545598448.0,87.0,17.31,97.01,71.25,2.19
463,Yaan,0.0,NG,1545598448.0,33.0,7.38,8.57,74.53,8.52
464,Mafeteng,76.0,LS,1545598448.0,63.0,-29.82,27.24,67.92,1.74
465,Jilib,0.0,SO,1545598449.0,77.0,0.49,42.79,79.17,13.44
466,Zheleznodorozhnyy,90.0,RU,1545597000.0,85.0,55.75,38.0,17.6,8.95
467,Puerto del Rosario,20.0,ES,1545597000.0,72.0,28.5,-13.86,68.0,5.82
468,Cabra,0.0,ES,1545597000.0,93.0,37.47,-4.43,44.6,3.04
469,Auki,0.0,NG,1545598450.0,37.0,12.18,6.51,63.91,9.91
470,Shkoder,8.0,AL,1545598450.0,92.0,42.07,19.51,32.73,1.97
471,Hays,1.0,US,1545594960.0,59.0,38.88,-99.33,44.06,13.87
472,Pundaguitan,64.0,PH,1545598451.0,100.0,6.37,126.17,79.21,5.77
473,Chrudim,90.0,CZ,1545595200.0,86.0,49.95,15.79,41.0,5.82
474,Buenos Aires,20.0,AR,1545595200.0,39.0,-34.61,-58.44,86.0,9.17
475,Himare,40.0,AL,1545594600.0,93.0,40.1,19.74,53.6,2.24
476,Pyapon,0.0,MM,1545598452.0,96.0,16.29,95.68,71.65,7.11
477,Sorong,20.0,ID,1545598452.0,100.0,-0.86,131.25,80.16,8.34
478,Olinda,40.0,EC,1545595200.0,55.0,-2.03,-79.75,89.6,4.7
479,San Cristobal,40.0,EC,1545595200.0,33.0,-0.39,-78.55,73.4,14.99
480,Yerbogachen,20.0,RU,1545598453.0,56.0,61.28,108.01,-32.57,2.98
481,Jackville,20.0,CI,1545595200.0,83.0,5.21,-4.42,82.4,3.36
482,Mayo,20.0,CA,1545595200.0,67.0,63.59,-135.9,-27.41,2.75
483,Pucara,75.0,BO,1545595200.0,60.0,-21.7,-64.2,84.2,9.17
484,Richards Bay,76.0,ZA,1545598454.0,83.0,-28.77,32.06,71.83,10.8
485,Buston,90.0,TJ,1545597000.0,93.0,40.53,69.33,35.6,4.47
486,Margate,0.0,AU,1545597000.0,55.0,-43.03,147.26,60.8,17.22
487,Darnah,76.0,LY,1545598455.0,100.0,32.77,22.64,63.42,15.17
488,Tilichiki,88.0,RU,1545598455.0,81.0,60.47,166.1,24.76,14.94
489,Sawakin,100.0,SD,1545598456.0,84.0,19.1,37.33,75.25,6.4
490,Zhigansk,20.0,RU,1545598457.0,45.0,66.77,123.37,-28.3,8.86
491,Norrtalje,75.0,SE,1545596400.0,92.0,59.76,18.7,24.8,9.17
492,Praya,40.0,ID,1545597000.0,94.0,-8.71,116.27,77.0,3.36
493,Trelew,0.0,AR,1545598458.0,21.0,-43.25,-65.31,90.01,8.75
494,Cerro de Pasco,80.0,PE,1545598458.0,83.0,-10.67,-76.25,51.4,3.2
495,Oktyabrskiy,90.0,RU,1545597000.0,85.0,55.61,37.97,17.6,8.95
496,Cotonou,8.0,BJ,1545595200.0,58.0,6.37,2.43,82.4,4.7
497,San Policarpo,88.0,PH,1545598459.0,100.0,12.18,125.51,77.55,5.55
498,Langres,90.0,FR,1545595200.0,93.0,47.87,5.33,53.6,10.29
499,Terre-de-Bas,75.0,GP,1545597000.0,74.0,15.85,-61.64,80.6,4.7
500,Meadow Lake,90.0,CA,1545595200.0,92.0,54.13,-108.44,6.8,5.82
501,Katherine,90.0,AU,1545597000.0,78.0,-14.47,132.26,80.6,3.36
502,Neiafu,20.0,TO,1545595200.0,74.0,-18.65,-173.98,84.2,11.41
503,Muyezerskiy,88.0,RU,1545598461.0,88.0,63.93,31.65,7.93,2.59
504,Tianpeng,56.0,CN,1545598461.0,100.0,28.88,112.34,44.11,9.8
505,Caravelas,0.0,BR,1545598461.0,100.0,-17.73,-39.27,80.7,24.34
506,Zhanakorgan,88.0,KZ,1545598461.0,85.0,43.91,67.25,14.19,3.31
507,Daru,0.0,SL,1545598462.0,58.0,7.99,-10.85,76.56,4.27
508,Pangody,32.0,RU,1545598462.0,88.0,65.85,74.49,-19.75,18.37
509,Plainview,1.0,US,1545596100.0,50.0,34.18,-101.71,48.02,4.7
510,Meulaboh,68.0,ID,1545598463.0,100.0,4.14,96.13,77.19,5.32
511,Svoge,0.0,BG,1545597000.0,84.0,42.96,23.35,35.6,4.7
512,Guerrero Negro,0.0,MX,1545598463.0,46.0,27.97,-114.04,73.63,7.07
513,Magadan,36.0,RU,1545598463.0,100.0,59.56,150.8,6.27,21.16
514,Mgandu,56.0,TZ,1545598464.0,95.0,-5.96,34.11,62.25,2.98
515,Paamiut,92.0,GL,1545598464.0,91.0,61.99,-49.67,35.56,43.53
516,Krasnovishersk,0.0,RU,1545598464.0,33.0,60.4,57.08,-22.49,6.29
517,Felipe Carrillo Puerto,0.0,MX,1545598217.0,47.0,19.58,-88.05,83.08,5.84
518,Rincon,1.0,US,1545598200.0,54.0,32.3,-81.24,64.94,11.41
519,Saint-Leu,0.0,RE,1545597000.0,69.0,-21.15,55.28,77.0,6.93
520,Dhari,0.0,IN,1545598465.0,80.0,21.33,71.03,54.06,1.25
521,Saint Anthony,1.0,US,1545594960.0,56.0,43.97,-111.68,26.96,3.36
522,Ballangen,88.0,NO,1545596400.0,100.0,68.34,16.83,30.2,5.82
523,Dauphin,90.0,CA,1545596400.0,78.0,51.15,-100.04,15.8,11.41
524,Lichinga,75.0,MZ,1545595200.0,93.0,-13.3,35.25,66.2,6.93
525,Santiago de Cao,90.0,PE,1545595200.0,78.0,-7.96,-79.24,73.4,12.75
526,Vershino-Darasunskiy,68.0,RU,1545598467.0,69.0,52.35,115.52,-0.13,6.33
527,Zalantun,24.0,CN,1545598467.0,60.0,48.0,122.72,-7.37,2.53
528,Namibe,20.0,AO,1545598467.0,100.0,-15.19,12.15,73.36,5.32
529,Tanout,0.0,NE,1545598468.0,49.0,14.97,8.88,56.71,8.9
530,San Miguelito,75.0,HN,1545595200.0,49.0,13.74,-87.49,95.0,11.41
531,Syracuse,90.0,US,1545597300.0,71.0,43.05,-76.15,33.98,0.18
532,Lambarene,68.0,GA,1545598468.0,100.0,-0.7,10.22,72.01,1.81
533,Tepoztlan,5.0,MX,1545594540.0,24.0,18.98,-99.1,78.8,2.24
534,Fukue,20.0,JP,1545595200.0,66.0,35.03,136.69,51.8,35.57
535,Te Anau,0.0,NZ,1545598470.0,61.0,-45.41,167.72,59.41,3.49
536,Oktyabrskoye,0.0,RU,1545597000.0,73.0,56.73,85.44,-34.61,6.71
537,Jalu,0.0,LY,1545598471.0,88.0,29.03,21.55,47.22,3.53
538,Dinan,90.0,FR,1545595200.0,93.0,48.45,-2.05,55.4,12.75
539,Aldan,48.0,RU,1545598471.0,65.0,58.61,125.39,-15.47,2.82
540,Svetlaya,0.0,RU,1545598471.0,100.0,46.54,138.33,13.29,16.91
541,Vanavara,24.0,RU,1545598472.0,53.0,60.35,102.28,-31.81,2.71
542,Tessalit,0.0,ML,1545598472.0,28.0,20.2,1.01,57.57,9.91
543,Altamira,40.0,BR,1545595200.0,79.0,-3.2,-52.21,84.2,2.24
544,Altay,48.0,CN,1545598473.0,60.0,47.83,88.13,-16.96,1.52
545,Vestmanna,88.0,FO,1545596400.0,81.0,62.16,-7.17,42.8,17.22
546,Yeniseysk,0.0,RU,1545598473.0,42.0,58.45,92.17,-26.99,5.32
